Patio Tuerca,Republica del Salvador y Moscu N55,3030666,1
Cabrera autos,Republica del Salvador y Moscu N56,3030666,2
AutoVentura,Republica del Salvador y Moscu N57,3030666,3
Automotores Quito,Republica del Salvador y Moscu N58,3030666,4
Megacar,Republica del Salvador y Moscu N59,3030666,5
Autocor EloyAlfaro,Republica del Salvador y Moscu N60,3030666,6
AutosQuito,Republica del Salvador y Moscu N61,3030666,7
MegaAutos,Republica del Salvador y Moscu N62,3030666,8
Urgentito,Republica del Salvador y Moscu N63,3030666,9
101Carros,Republica del Salvador y Moscu N64,3030666,10
